card_id,标题,正文,话题
major-0,塔罗日签｜愚者：出发就对了🌙,"今日牌面：愚者 🃏
愚者背着小包就上路了，什么都没准备好，但那又怎样？今天适合为热爱的事迈出第一步，别等万事俱备。
这张牌说中你了吗？评论区告诉我👇
#塔罗 #塔罗占卜 #每日运势 #塔罗牌 #月光塔罗 #玄学",#塔罗 #塔罗占卜 #每日运势 #塔罗牌 #月光塔罗
major-1,塔罗日签｜魔术师：你本来就有答案✨,"今天抽到魔术师✨
魔术师的桌上摆满了工具，你缺的从来不是能力，是动手。今天把想法落地，哪怕只做一件小事，宇宙都会配合你。
在评论区留下一个🌙，接住今天的好运
#塔罗 #塔罗占卜 #每日运势 #塔罗牌 #月光塔罗 #玄学",#塔罗 #塔罗占卜 #每日运势 #塔罗牌 #月光塔罗
major-2,塔罗日签｜女祭司：信你的直觉🔮,"你的今日塔罗：女祭司🌙
女祭司坐在帷幕之前，提醒你少问别人、多问自己。今天那个第一反应往往就是正确答案，别用理性把它压下去。
觉得准的话，点个❤️让我知道
#塔罗 #塔罗占卜 #每日运势 #塔罗牌 #月光塔罗 #玄学",#塔罗 #塔罗占卜 #每日运势 #塔罗牌 #月光塔罗
major-3,塔罗日签｜皇后：先滋养自己🌷,"🃏 今日一牌｜皇后
皇后躺在花园里告诉你：别只顾着付出。今天吃顿好的、早点睡，把自己照顾好了，好事才会开花。
评论区聊聊你今天的状态👇
#塔罗 #塔罗占卜 #每日运势 #塔罗牌 #月光塔罗 #玄学",#塔罗 #塔罗占卜 #每日运势 #塔罗牌 #月光塔罗
major-4,塔罗日签｜皇帝：稳住就能赢👑,"来看看今天的牌：皇帝💫
皇帝坐在石座上稳如泰山。今天适合列计划、定规则，把混乱的生活收一收，掌控感是自己给自己的。
把这张牌分享给需要的朋友吧✨
#塔罗 #塔罗占卜 #每日运势 #塔罗牌 #月光塔罗 #玄学",#塔罗 #塔罗占卜 #每日运势 #塔罗牌 #月光塔罗
major-5,塔罗日签｜教皇：去请教前辈吧📖,"今日运势牌——教皇🔮
教皇代表经验与传承。今天别自己硬扛，去问问有经验的人，一句话可能帮你省下一个月的弯路。
今日份提醒已送达，评论区打卡📝
#塔罗 #塔罗占卜 #每日运势 #塔罗牌 #月光塔罗 #玄学",#塔罗 #塔罗占卜 #每日运势 #塔罗牌 #月光塔罗
major-6,塔罗日签｜恋人：真心换真心💕,"今日牌面：恋人 🃏
恋人牌不只说爱情，也说一切重要的选择。今天跟着心走，别违背自己的感受，真诚的人会遇到真诚的事。
艾特那个需要这句话的朋友👭
#塔罗 #塔罗占卜 #每日运势 #塔罗牌 #月光塔罗 #玄学",#塔罗 #塔罗占卜 #每日运势 #塔罗牌 #月光塔罗
major-7,塔罗日签｜战车：冲就对了⚡,"今天抽到战车✨
战车上的勇士目光如炬。今天你的意志力在线，认准目标就全力冲，别被杂音干扰，胜利在终点等你。
今天的你是哪种状态？来评论区聊聊💬
#塔罗 #塔罗占卜 #每日运势 #塔罗牌 #月光塔罗 #玄学",#塔罗 #塔罗占卜 #每日运势 #塔罗牌 #月光塔罗
major-8,塔罗日签｜力量：温柔即强大🦁,"你的今日塔罗：力量🌙
牌上的女子轻轻合上狮子的嘴。今天别硬碰硬，以柔克刚：耐心一点、语气软一点，难搞的事反而顺利了。
你最近也在纠结这件事吗？评论区见👇
#塔罗 #塔罗占卜 #每日运势 #塔罗牌 #月光塔罗 #玄学",#塔罗 #塔罗占卜 #每日运势 #塔罗牌 #月光塔罗
major-9,塔罗日签｜隐者：给自己充充电🕯️,"🃏 今日一牌｜隐者
隐者提着灯独自上山。今天允许自己安静一会儿，关掉社交放下手机，答案会在独处中慢慢浮现。
收藏这条，明天再来看准不准📌
#塔罗 #塔罗占卜 #每日运势 #塔罗牌 #月光塔罗 #玄学",#塔罗 #塔罗占卜 #每日运势 #塔罗牌 #月光塔罗
major-10,塔罗日签｜命运之轮：转机来了🍀,"来看看今天的牌：命运之轮💫
命运之轮开始转动，卡住很久的事可能突然松动。今天保持开放，好消息往往从意想不到的地方来。
这张牌说中你了吗？评论区告诉我👇
#塔罗 #塔罗占卜 #每日运势 #塔罗牌 #月光塔罗 #玄学",#塔罗 #塔罗占卜 #每日运势 #塔罗牌 #月光塔罗
major-11,塔罗日签｜正义：问心无愧就好⚖️,"今日运势牌——正义🔮
正义女神手持天平。今天适合把事情摆到台面上说清楚，是非自有公论，你只管问心无愧，结果不会亏待你。
在评论区留下一个🌙，接住今天的好运
#塔罗 #塔罗占卜 #每日运势 #塔罗牌 #月光塔罗 #玄学",#塔罗 #塔罗占卜 #每日运势 #塔罗牌 #月光塔罗
major-12,塔罗日签｜倒吊人：换个角度看🙃,"今日牌面：倒吊人 🃏
倒吊人倒挂着却一脸平静。今天别急着行动，换个角度看看那件烦心事，暂停一下答案会不一样。
觉得准的话，点个❤️让我知道
#塔罗 #塔罗占卜 #每日运势 #塔罗牌 #月光塔罗 #玄学",#塔罗 #塔罗占卜 #每日运势 #塔罗牌 #月光塔罗
major-13,塔罗日签｜死神：放下才能新生🦋,"今天抽到死神✨
死神牌从不可怕，它说的是告别。今天适合清理：一段关系、一件旧物、一个执念，放下新的门才会开。
评论区聊聊你今天的状态👇
#塔罗 #塔罗占卜 #每日运势 #塔罗牌 #月光塔罗 #玄学",#塔罗 #塔罗占卜 #每日运势 #塔罗牌 #月光塔罗
major-14,塔罗日签｜节制：刚刚好最难得🍵,"你的今日塔罗：节制🌙
天使在两杯之间倒水，不多不少。今天别走极端，工作与休息、付出与索取，都调到刚刚好的刻度。
把这张牌分享给需要的朋友吧✨
#塔罗 #塔罗占卜 #每日运势 #塔罗牌 #月光塔罗 #玄学",#塔罗 #塔罗占卜 #每日运势 #塔罗牌 #月光塔罗
major-15,塔罗日签｜恶魔：别被欲望绑住⛓️,"🃏 今日一牌｜恶魔
恶魔牌照出我们被绑住的地方：可能是手机、奶茶或一段关系。今天诚实地看看，你被什么困住了？
今日份提醒已送达，评论区打卡📝
#塔罗 #塔罗占卜 #每日运势 #塔罗牌 #月光塔罗 #玄学",#塔罗 #塔罗占卜 #每日运势 #塔罗牌 #月光塔罗
major-16,塔罗日签｜高塔：塌了才能重建🌩️,"来看看今天的牌：高塔💫
高塔倒塌看着吓人，但倒掉的都是不牢固的。今天如果有意外变化别慌，旧结构塌了新地基才能打。
艾特那个需要这句话的朋友👭
#塔罗 #塔罗占卜 #每日运势 #塔罗牌 #月光塔罗 #玄学",#塔罗 #塔罗占卜 #每日运势 #塔罗牌 #月光塔罗
major-17,塔罗日签｜星星：希望一直在✨,"今日运势牌——星星🔮
少女在星空下汲水，宁静又充满希望。今天适合疗愈自己：散步、听歌、早睡，相信一切都在变好。
今天的你是哪种状态？来评论区聊聊💬
#塔罗 #塔罗占卜 #每日运势 #塔罗牌 #月光塔罗 #玄学",#塔罗 #塔罗占卜 #每日运势 #塔罗牌 #月光塔罗
major-18,塔罗日签｜月亮：别自己吓自己🌙,"今日牌面：月亮 🃏
月亮下影影绰绰容易想多。今天的焦虑多半是幻象，别在深夜做决定，睡一觉明天再看。
你最近也在纠结这件事吗？评论区见👇
#塔罗 #塔罗占卜 #每日运势 #塔罗牌 #月光塔罗 #玄学",#塔罗 #塔罗占卜 #每日运势 #塔罗牌 #月光塔罗
major-19,塔罗日签｜太阳：今天你最闪☀️,"今天抽到太阳✨
太阳牌是一年里最快乐的一张！今天适合大胆展示自己，好消息好心情都在路上，记得多笑笑。
收藏这条，明天再来看准不准📌
#塔罗 #塔罗占卜 #每日运势 #塔罗牌 #月光塔罗 #玄学",#塔罗 #塔罗占卜 #每日运势 #塔罗牌 #月光塔罗
major-20,塔罗日签｜审判：是时候觉醒了📯,"你的今日塔罗：审判🌙
天使吹响号角，沉睡的人睁开眼。今天适合复盘过去、原谅旧事，然后轻装上阵迎接新的自己。
这张牌说中你了吗？评论区告诉我👇
#塔罗 #塔罗占卜 #每日运势 #塔罗牌 #月光塔罗 #玄学",#塔罗 #塔罗占卜 #每日运势 #塔罗牌 #月光塔罗
major-21,塔罗日签｜世界：圆满收官🎉,"🃏 今日一牌｜世界
世界牌是塔罗的最后一张，代表圆满。今天适合庆祝：为完成的事干杯，然后期待下一个循环的开始。
在评论区留下一个🌙，接住今天的好运
#塔罗 #塔罗占卜 #每日运势 #塔罗牌 #月光塔罗 #玄学",#塔罗 #塔罗占卜 #每日运势 #塔罗牌 #月光塔罗
wands-ace,塔罗日签｜权杖一：灵感要抓住🔥,"来看看今天的牌：权杖一💫
权杖一像一簇小火苗。今天冒出的那个新想法别让它凉了，记下来动起来，星星之火可以燎原。
觉得准的话，点个❤️让我知道
#塔罗 #塔罗占卜 #每日运势 #塔罗牌 #月光塔罗 #玄学",#塔罗 #塔罗占卜 #每日运势 #塔罗牌 #月光塔罗
wands-2,塔罗日签｜权杖二：先看清再出发🧭,"今日运势牌——权杖二🔮
手握地球仪的人在眺望远方。今天适合做规划：把大目标拆成小步骤，看得越远走得越稳。
评论区聊聊你今天的状态👇
#塔罗 #塔罗占卜 #每日运势 #塔罗牌 #月光塔罗 #玄学",#塔罗 #塔罗占卜 #每日运势 #塔罗牌 #月光塔罗
wands-3,塔罗日签｜权杖三：静候佳音⛵,"今日牌面：权杖三 🃏
商人望着出港的船队，之前播的种开始发芽了。今天适合耐心等待，初步成果正在路上，别催。
把这张牌分享给需要的朋友吧✨
#塔罗 #塔罗占卜 #每日运势 #塔罗牌 #月光塔罗 #玄学",#塔罗 #塔罗占卜 #每日运势 #塔罗牌 #月光塔罗
wands-4,塔罗日签｜权杖四：今天值得庆祝🎊,"今天抽到权杖四✨
花环下的庆典安定又欢喜。今天适合和喜欢的人聚一聚，为生活里的小确幸干杯。
今日份提醒已送达，评论区打卡📝
#塔罗 #塔罗占卜 #每日运势 #塔罗牌 #月光塔罗 #玄学",#塔罗 #塔罗占卜 #每日运势 #塔罗牌 #月光塔罗
wands-5,塔罗日签｜权杖五：磨合也是进步🤝,"你的今日塔罗：权杖五🌙
五根权杖打成一团，但没人真的受伤。今天的争论是磨合，把话说开反而能达成真正的共识。
艾特那个需要这句话的朋友👭
#塔罗 #塔罗占卜 #每日运势 #塔罗牌 #月光塔罗 #玄学",#塔罗 #塔罗占卜 #每日运势 #塔罗牌 #月光塔罗
wands-6,塔罗日签｜权杖六：高光时刻🏆,"🃏 今日一牌｜权杖六
骑马凯旋的人接受欢呼。今天是你的高光时刻：大方接受夸奖吧，这是你应得的，自信一点！
今天的你是哪种状态？来评论区聊聊💬
#塔罗 #塔罗占卜 #每日运势 #塔罗牌 #月光塔罗 #玄学",#塔罗 #塔罗占卜 #每日运势 #塔罗牌 #月光塔罗
wands-7,塔罗日签｜权杖七：守住你的立场🛡️,"来看看今天的牌：权杖七💫
一人站在高处抵挡六根权杖。今天别因为人多就妥协，你是对的就坚持住，守住了就是赢。
你最近也在纠结这件事吗？评论区见👇
#塔罗 #塔罗占卜 #每日运势 #塔罗牌 #月光塔罗 #玄学",#塔罗 #塔罗占卜 #每日运势 #塔罗牌 #月光塔罗
wands-8,塔罗日签｜权杖八：好事在加速💨,"今日运势牌——权杖八🔮
八根权杖划破长空，事情正在加速。今天适合快刀斩乱麻，等的那条消息可能今天就到。
收藏这条，明天再来看准不准📌
#塔罗 #塔罗占卜 #每日运势 #塔罗牌 #月光塔罗 #玄学",#塔罗 #塔罗占卜 #每日运势 #塔罗牌 #月光塔罗
wands-9,塔罗日签｜权杖九：别倒在黎明前🌅,"今日牌面：权杖九 🃏
伤痕累累的战士依然站着。今天很累但别放弃，你已经扛过了最难的部分，胜利就在眼前。
这张牌说中你了吗？评论区告诉我👇
#塔罗 #塔罗占卜 #每日运势 #塔罗牌 #月光塔罗 #玄学",#塔罗 #塔罗占卜 #每日运势 #塔罗牌 #月光塔罗
wands-10,塔罗日签｜权杖十：扛住就是成长💪,"今天抽到权杖十✨
抱着十根权杖的人步履沉重。今天允许自己喊累，但别扔下担子，扛过去的每一步都算数。
在评论区留下一个🌙，接住今天的好运
#塔罗 #塔罗占卜 #每日运势 #塔罗牌 #月光塔罗 #玄学",#塔罗 #塔罗占卜 #每日运势 #塔罗牌 #月光塔罗
wands-page,塔罗日签｜权杖侍从：去试试新的吧🌱,"你的今日塔罗：权杖侍从🌙
侍从举起权杖眼里有光。今天适合尝试没做过的事：新路线、新菜谱、新爱好，好奇心会带你发现惊喜。
觉得准的话，点个❤️让我知道
#塔罗 #塔罗占卜 #每日运势 #塔罗牌 #月光塔罗 #玄学",#塔罗 #塔罗占卜 #每日运势 #塔罗牌 #月光塔罗
wands-knight,塔罗日签｜权杖骑士：别想了出发吧🏇,"🃏 今日一牌｜权杖骑士
骑士策马扬鞭风风火火。今天行动力爆棚，想做的事别拖，现在就去，犹豫只会耗掉热情。
评论区聊聊你今天的状态👇
#塔罗 #塔罗占卜 #每日运势 #塔罗牌 #月光塔罗 #玄学",#塔罗 #塔罗占卜 #每日运势 #塔罗牌 #月光塔罗
wands-queen,塔罗日签｜权杖王后：你本来就闪✨,"来看看今天的牌：权杖王后💫
王后手持向日葵热情又自信。今天做你自己就好，你的魅力不用藏，大方展示会吸引对的人。
把这张牌分享给需要的朋友吧✨
#塔罗 #塔罗占卜 #每日运势 #塔罗牌 #月光塔罗 #玄学",#塔罗 #塔罗占卜 #每日运势 #塔罗牌 #月光塔罗
wands-king,塔罗日签｜权杖国王：你来拍板👑,"今日运势牌——权杖国王🔮
国王坐在宝座上果断又有远见。今天轮到你拿主意了，别推辞，你的判断比你想的更准。
今日份提醒已送达，评论区打卡📝
#塔罗 #塔罗占卜 #每日运势 #塔罗牌 #月光塔罗 #玄学",#塔罗 #塔罗占卜 #每日运势 #塔罗牌 #月光塔罗
cups-ace,塔罗日签｜圣杯一：爱在靠近💧,"今日牌面：圣杯一 🃏
圣杯满溢出水，爱与感动正在靠近。今天对身边的人温柔一点，新的感情、新的感动都在路上。
艾特那个需要这句话的朋友👭
#塔罗 #塔罗占卜 #每日运势 #塔罗牌 #月光塔罗 #玄学",#塔罗 #塔罗占卜 #每日运势 #塔罗牌 #月光塔罗
cups-2,塔罗日签｜圣杯二：为真心干杯🥂,"今天抽到圣杯二✨
两人举杯相庆平等又真诚。今天适合深度交流：跟伴侣、朋友或伙伴好好聊一次，心会更近。
今天的你是哪种状态？来评论区聊聊💬
#塔罗 #塔罗占卜 #每日运势 #塔罗牌 #月光塔罗 #玄学",#塔罗 #塔罗占卜 #每日运势 #塔罗牌 #月光塔罗
cups-3,塔罗日签｜圣杯三：约朋友吧🎉,"你的今日塔罗：圣杯三🌙
三个姑娘举杯欢庆。今天别一个人待着，约朋友出来聚聚，快乐分享出去会翻倍。
你最近也在纠结这件事吗？评论区见👇
#塔罗 #塔罗占卜 #每日运势 #塔罗牌 #月光塔罗 #玄学",#塔罗 #塔罗占卜 #每日运势 #塔罗牌 #月光塔罗
cups-4,塔罗日签｜圣杯四：别错过手边的☁️,"🃏 今日一牌｜圣杯四
少年托腮发呆，没看见递来的圣杯。今天别沉溺在倦怠里，抬头看看，机会其实就在手边。
收藏这条，明天再来看准不准📌
#塔罗 #塔罗占卜 #每日运势 #塔罗牌 #月光塔罗 #玄学",#塔罗 #塔罗占卜 #每日运势 #塔罗牌 #月光塔罗
cups-5,塔罗日签｜圣杯五：还有两杯是满的🌧️,"来看看今天的牌：圣杯五💫
三杯倒了，但还有两杯立着。今天允许自己难过一会儿，但别忘了身后还有没失去的，要珍惜。
这张牌说中你了吗？评论区告诉我👇
#塔罗 #塔罗占卜 #每日运势 #塔罗牌 #月光塔罗 #玄学",#塔罗 #塔罗占卜 #每日运势 #塔罗牌 #月光塔罗
cups-6,塔罗日签｜圣杯六：怀念也是一种甜🍬,"今日运势牌——圣杯六🔮
小孩把花递给小伙伴，纯真又温暖。今天适合怀旧：翻翻老照片、联系老朋友，过去的甜会治愈现在。
在评论区留下一个🌙，接住今天的好运
#塔罗 #塔罗占卜 #每日运势 #塔罗牌 #月光塔罗 #玄学",#塔罗 #塔罗占卜 #每日运势 #塔罗牌 #月光塔罗
cups-7,塔罗日签｜圣杯七：别被幻想骗了🎭,"今日牌面：圣杯七 🃏
七个圣杯浮在云端，华丽却虚幻。今天别被太多选项迷了眼，问问自己真正要什么，再选。
觉得准的话，点个❤️让我知道
#塔罗 #塔罗占卜 #每日运势 #塔罗牌 #月光塔罗 #玄学",#塔罗 #塔罗占卜 #每日运势 #塔罗牌 #月光塔罗
cups-8,塔罗日签｜圣杯八：离开也需要勇气🌊,"今天抽到圣杯八✨
旅人放下八个圣杯走向月亮。今天适合告别消耗你的人和事，转身不丢人，留下才可惜。
评论区聊聊你今天的状态👇
#塔罗 #塔罗占卜 #每日运势 #塔罗牌 #月光塔罗 #玄学",#塔罗 #塔罗占卜 #每日运势 #塔罗牌 #月光塔罗
cups-9,塔罗日签｜圣杯九：愿望成真✨,"你的今日塔罗：圣杯九🌙
心满意足的人坐在九个圣杯前。今天适合犒赏自己：愿望清单上划掉一项，你值得被满足。
把这张牌分享给需要的朋友吧✨
#塔罗 #塔罗占卜 #每日运势 #塔罗牌 #月光塔罗 #玄学",#塔罗 #塔罗占卜 #每日运势 #塔罗牌 #月光塔罗
cups-10,塔罗日签｜圣杯十：幸福就是团圆🏠,"🃏 今日一牌｜圣杯十
彩虹下的一家人其乐融融。今天给家人打个电话、回家吃顿饭，幸福不在远方，就在身边。
今日份提醒已送达，评论区打卡📝
#塔罗 #塔罗占卜 #每日运势 #塔罗牌 #月光塔罗 #玄学",#塔罗 #塔罗占卜 #每日运势 #塔罗牌 #月光塔罗
cups-page,塔罗日签｜圣杯侍从：温柔点好运多💌,"来看看今天的牌：圣杯侍从💫
侍从捧着圣杯，杯里游出一条鱼。今天适合温柔表达：写句关心的话、送个小惊喜，直觉会带你做对的事。
艾特那个需要这句话的朋友👭
#塔罗 #塔罗占卜 #每日运势 #塔罗牌 #月光塔罗 #玄学",#塔罗 #塔罗占卜 #每日运势 #塔罗牌 #月光塔罗
cups-knight,塔罗日签｜圣杯骑士：为热爱出发💘,"今日运势牌——圣杯骑士🔮
骑士捧着圣杯缓缓前行，浪漫又坚定。今天适合为热爱的事行动：表白、追梦、做喜欢的事，别辜负心动。
今天的你是哪种状态？来评论区聊聊💬
#塔罗 #塔罗占卜 #每日运势 #塔罗牌 #月光塔罗 #玄学",#塔罗 #塔罗占卜 #每日运势 #塔罗牌 #月光塔罗
cups-queen,塔罗日签｜圣杯王后：温柔且坚定🤍,"今日牌面：圣杯王后 🃏
王后抱着圣杯眼神温柔。今天用包容化解矛盾，你的善解人意会让人卸下防备，温柔是最强的力量。
你最近也在纠结这件事吗？评论区见👇
#塔罗 #塔罗占卜 #每日运势 #塔罗牌 #月光塔罗 #玄学",#塔罗 #塔罗占卜 #每日运势 #塔罗牌 #月光塔罗
cups-king,塔罗日签｜圣杯国王：稳住情绪👑,"今天抽到圣杯国王✨
国王坐在波涛中的宝座稳如泰山。今天做情绪的主人，不被小事激怒，沉稳的你最值得信赖。
收藏这条，明天再来看准不准📌
#塔罗 #塔罗占卜 #每日运势 #塔罗牌 #月光塔罗 #玄学",#塔罗 #塔罗占卜 #每日运势 #塔罗牌 #月光塔罗
swords-ace,塔罗日签｜宝剑一：今天思路开挂🗡️,"你的今日塔罗：宝剑一🌙
宝剑刺破云层，真相大白。今天思路格外清晰，适合做决定、谈判、解决难题，一剑封喉。
这张牌说中你了吗？评论区告诉我👇
#塔罗 #塔罗占卜 #每日运势 #塔罗牌 #月光塔罗 #玄学",#塔罗 #塔罗占卜 #每日运势 #塔罗牌 #月光塔罗
swords-2,塔罗日签｜宝剑二：别再逃避了👀,"🃏 今日一牌｜宝剑二
蒙眼的女子手持双剑僵持不下。今天别再回避那个决定了，拖着不选也是一种选，勇敢面对吧。
在评论区留下一个🌙，接住今天的好运
#塔罗 #塔罗占卜 #每日运势 #塔罗牌 #月光塔罗 #玄学",#塔罗 #塔罗占卜 #每日运势 #塔罗牌 #月光塔罗
swords-3,塔罗日签｜宝剑三：痛会过去的💔,"来看看今天的牌：宝剑三💫
三把剑穿心，痛但真实。今天如果听到扎心的话、经历难受的事，允许自己哭，但要相信：会过去的。
觉得准的话，点个❤️让我知道
#塔罗 #塔罗占卜 #每日运势 #塔罗牌 #月光塔罗 #玄学",#塔罗 #塔罗占卜 #每日运势 #塔罗牌 #月光塔罗
swords-4,塔罗日签｜宝剑四：好好休息吧😴,"今日运势牌——宝剑四🔮
骑士躺在教堂里休养。今天允许自己停下来：睡个午觉、放空一会儿，恢复元气才能走更远。
评论区聊聊你今天的状态👇
#塔罗 #塔罗占卜 #每日运势 #塔罗牌 #月光塔罗 #玄学",#塔罗 #塔罗占卜 #每日运势 #塔罗牌 #月光塔罗
swords-5,塔罗日签｜宝剑五：别赢了面子输了人⚔️,"今日牌面：宝剑五 🃏
拿剑的人赢了，却输了人心。今天别争一时输赢，有些架吵赢了也没意义，退一步更划算。
把这张牌分享给需要的朋友吧✨
#塔罗 #塔罗占卜 #每日运势 #塔罗牌 #月光塔罗 #玄学",#塔罗 #塔罗占卜 #每日运势 #塔罗牌 #月光塔罗
swords-6,塔罗日签｜宝剑六：正在变好中🌈,"今天抽到宝剑六✨
小船载着人离开风暴驶向平静。今天是过渡期：最难的时候已经过去，慢慢来，一切都在变好。
今日份提醒已送达，评论区打卡📝
#塔罗 #塔罗占卜 #每日运势 #塔罗牌 #月光塔罗 #玄学",#塔罗 #塔罗占卜 #每日运势 #塔罗牌 #月光塔罗
swords-7,塔罗日签｜宝剑七：用巧劲别用蛮力🧠,"你的今日塔罗：宝剑七🌙
男子抱着宝剑悄悄离开，智取不硬拼。今天适合动脑子：换个策略、走条近路，聪明比努力更重要。
艾特那个需要这句话的朋友👭
#塔罗 #塔罗占卜 #每日运势 #塔罗牌 #月光塔罗 #玄学",#塔罗 #塔罗占卜 #每日运势 #塔罗牌 #月光塔罗
swords-8,塔罗日签｜宝剑八：你比困境大🕊️,"🃏 今日一牌｜宝剑八
女子被绑在剑阵中，但绳子是松的。今天问问自己：困住我的到底是现实，还是我的不敢？答案往往是后者。
今天的你是哪种状态？来评论区聊聊💬
#塔罗 #塔罗占卜 #每日运势 #塔罗牌 #月光塔罗 #玄学",#塔罗 #塔罗占卜 #每日运势 #塔罗牌 #月光塔罗
swords-9,塔罗日签｜宝剑九：今晚睡个好觉🌃,"来看看今天的牌：宝剑九💫
深夜惊醒的人抱头痛哭。今天别让焦虑过夜：写下来、说出来，或者干脆睡觉，明天的你会感谢今晚的放过。
你最近也在纠结这件事吗？评论区见👇
#塔罗 #塔罗占卜 #每日运势 #塔罗牌 #月光塔罗 #玄学",#塔罗 #塔罗占卜 #每日运势 #塔罗牌 #月光塔罗
swords-10,塔罗日签｜宝剑十：否极泰来🌅,"今日运势牌——宝剑十🔮
十把剑插在背上，但远方天亮了。今天是最坏的一天，也意味着：从明天起，只会越来越好。
收藏这条，明天再来看准不准📌
#塔罗 #塔罗占卜 #每日运势 #塔罗牌 #月光塔罗 #玄学",#塔罗 #塔罗占卜 #每日运势 #塔罗牌 #月光塔罗
swords-page,塔罗日签｜宝剑侍从：好奇心开挂🔍,"今日牌面：宝剑侍从 🃏
侍从举剑眼神敏锐。今天适合学习和提问：多问一句、多查一点，新想法会冒出来，好奇心有回报。
这张牌说中你了吗？评论区告诉我👇
#塔罗 #塔罗占卜 #每日运势 #塔罗牌 #月光塔罗 #玄学",#塔罗 #塔罗占卜 #每日运势 #塔罗牌 #月光塔罗
swords-knight,塔罗日签｜宝剑骑士：快刀斩乱麻⚡,"今天抽到宝剑骑士✨
骑士策马冲锋毫不犹豫。今天适合快刀斩乱麻：拖了很久的事今天就了结，果断是最好的运气。
在评论区留下一个🌙，接住今天的好运
#塔罗 #塔罗占卜 #每日运势 #塔罗牌 #月光塔罗 #玄学",#塔罗 #塔罗占卜 #每日运势 #塔罗牌 #月光塔罗
swords-queen,塔罗日签｜宝剑王后：清醒独立👩‍⚖️,"你的今日塔罗：宝剑王后🌙
王后手持宝剑目光清澈。今天做个清醒的人：不恋爱脑、不被画饼，独立思考，你的判断最可靠。
觉得准的话，点个❤️让我知道
#塔罗 #塔罗占卜 #每日运势 #塔罗牌 #月光塔罗 #玄学",#塔罗 #塔罗占卜 #每日运势 #塔罗牌 #月光塔罗
swords-king,塔罗日签｜宝剑国王：用逻辑赢🎯,"🃏 今日一牌｜宝剑国王
国王宝剑直指天空，理性至上。今天用逻辑做决定：列利弊、看数据，别被情绪带跑，赢面在你这边。
评论区聊聊你今天的状态👇
#塔罗 #塔罗占卜 #每日运势 #塔罗牌 #月光塔罗 #玄学",#塔罗 #塔罗占卜 #每日运势 #塔罗牌 #月光塔罗
pentacles-ace,塔罗日签｜星币一：财运敲门💰,"来看看今天的牌：星币一💫
手捧金币从云中伸出，新的财机来了。今天留意工作、副业上的新机会，务实一点，好运接得住。
把这张牌分享给需要的朋友吧✨
#塔罗 #塔罗占卜 #每日运势 #塔罗牌 #月光塔罗 #玄学",#塔罗 #塔罗占卜 #每日运势 #塔罗牌 #月光塔罗
pentacles-2,塔罗日签｜星币二：忙而不乱🌀,"今日运势牌——星币二🔮
杂耍艺人抛接着两枚金币游刃有余。今天多线作战也别慌，排好优先级，灵活一点都能兼顾。
今日份提醒已送达，评论区打卡📝
#塔罗 #塔罗占卜 #每日运势 #塔罗牌 #月光塔罗 #玄学",#塔罗 #塔罗占卜 #每日运势 #塔罗牌 #月光塔罗
pentacles-3,塔罗日签｜星币三：匠心有回报🏗️,"今日牌面：星币三 🃏
工匠在教堂里精雕细琢，有人驻足欣赏。今天认真做好手头的事，你的专业会被看见、被认可。
艾特那个需要这句话的朋友👭
#塔罗 #塔罗占卜 #每日运势 #塔罗牌 #月光塔罗 #玄学",#塔罗 #塔罗占卜 #每日运势 #塔罗牌 #月光塔罗
pentacles-4,塔罗日签｜星币四：稳住基本盘🧱,"今天抽到星币四✨
守财奴紧抱金币，稳字当头。今天不适合冒险，守住已有的：存款、工作、节奏，稳就是赢。
今天的你是哪种状态？来评论区聊聊💬
#塔罗 #塔罗占卜 #每日运势 #塔罗牌 #月光塔罗 #玄学",#塔罗 #塔罗占卜 #每日运势 #塔罗牌 #月光塔罗
pentacles-5,塔罗日签｜星币五：别一个人硬扛❄️,"你的今日塔罗：星币五🌙
雪夜里两个旅人相互扶持。今天如果手头紧、心里难，别硬扛，开口求助，温暖一直都在。
你最近也在纠结这件事吗？评论区见👇
#塔罗 #塔罗占卜 #每日运势 #塔罗牌 #月光塔罗 #玄学",#塔罗 #塔罗占卜 #每日运势 #塔罗牌 #月光塔罗
pentacles-6,塔罗日签｜星币六：好心有好报🤲,"🃏 今日一牌｜星币六
富人把金币分给穷人，流动生财。今天适合分享：帮个小忙、请杯奶茶，善意流出去，好运流回来。
收藏这条，明天再来看准不准📌
#塔罗 #塔罗占卜 #每日运势 #塔罗牌 #月光塔罗 #玄学",#塔罗 #塔罗占卜 #每日运势 #塔罗牌 #月光塔罗
pentacles-7,塔罗日签｜星币七：耐心等风来🌾,"来看看今天的牌：星币七💫
农夫看着长势喜人的庄稼露出微笑。今天别急着要结果，回头看看，你已经走了很远，再耐心一点。
这张牌说中你了吗？评论区告诉我👇
#塔罗 #塔罗占卜 #每日运势 #塔罗牌 #月光塔罗 #玄学",#塔罗 #塔罗占卜 #每日运势 #塔罗牌 #月光塔罗
pentacles-8,塔罗日签｜星币八：专注即超能力🔨,"今日运势牌——星币八🔮
工匠一锤一锤敲着金币，心无旁骛。今天关掉干扰，专注做好一件事，精进的每一步都算数。
在评论区留下一个🌙，接住今天的好运
#塔罗 #塔罗占卜 #每日运势 #塔罗牌 #月光塔罗 #玄学",#塔罗 #塔罗占卜 #每日运势 #塔罗牌 #月光塔罗
pentacles-9,塔罗日签｜星币九：独立真优雅🦚,"今日牌面：星币九 🃏
贵妇在葡萄园里从容漫步，丰足又独立。今天为自己的独立干杯：靠自己，就是最优雅的底气。
觉得准的话，点个❤️让我知道
#塔罗 #塔罗占卜 #每日运势 #塔罗牌 #月光塔罗 #玄学",#塔罗 #塔罗占卜 #每日运势 #塔罗牌 #月光塔罗
pentacles-10,塔罗日签｜星币十：好日子在后头🏡,"今天抽到星币十✨
三代同堂的大家庭其乐融融。今天适合想长远的事：为未来存一笔钱、为家人做打算，福气会传承。
评论区聊聊你今天的状态👇
#塔罗 #塔罗占卜 #每日运势 #塔罗牌 #月光塔罗 #玄学",#塔罗 #塔罗占卜 #每日运势 #塔罗牌 #月光塔罗
pentacles-page,塔罗日签｜星币侍从：去学点新的📚,"你的今日塔罗：星币侍从🌙
侍从捧着金币认真端详，求知若渴。今天适合学点实用的：新技能、新知识，学到的都是自己的。
把这张牌分享给需要的朋友吧✨
#塔罗 #塔罗占卜 #每日运势 #塔罗牌 #月光塔罗 #玄学",#塔罗 #塔罗占卜 #每日运势 #塔罗牌 #月光塔罗
pentacles-knight,塔罗日签｜星币骑士：稳扎稳打🐎,"🃏 今日一牌｜星币骑士
骑士骑着黑马不紧不慢却从不停下。今天别求快，踏实把每一步走稳，靠谱的人走得最远。
今日份提醒已送达，评论区打卡📝
#塔罗 #塔罗占卜 #每日运势 #塔罗牌 #月光塔罗 #玄学",#塔罗 #塔罗占卜 #每日运势 #塔罗牌 #月光塔罗
pentacles-queen,塔罗日签｜星币王后：把日子过成诗🌿,"来看看今天的牌：星币王后💫
王后抱着金币坐在花园里，把日子打理得井井有条。今天用心经营生活：做顿饭、收拾房间，烟火气最治愈。
艾特那个需要这句话的朋友👭
#塔罗 #塔罗占卜 #每日运势 #塔罗牌 #月光塔罗 #玄学",#塔罗 #塔罗占卜 #每日运势 #塔罗牌 #月光塔罗
pentacles-king,塔罗日签｜星币国王：稳中求胜👑,"今日运势牌——星币国王🔮
国王坐在葡萄藤宝座上成就斐然。今天适合稳健布局：不冒进、不摆烂，一步步把事情做成。
今天的你是哪种状态？来评论区聊聊💬
#塔罗 #塔罗占卜 #每日运势 #塔罗牌 #月光塔罗 #玄学",#塔罗 #塔罗占卜 #每日运势 #塔罗牌 #月光塔罗
